meeting_id,summary,overall_sentiment,sentiment_score
01KQ03B0303900521BB089CA,"Megan, Raj, and Brian convened on day three of an ongoing outage affecting the Detect product's event processing pipeline. Raj explained that a single point of failure in the event ingestion layer caused a cascading failure, leaving customers with zero threat monitoring visibility for approximately six hours. The remediation plan includes deploying redundant active-active processing nodes (live by end of day) and implementing a circuit breaker pattern (by Wednesday evening), with full tenant visibility restored in a phased rollout by tomorrow morning. The team aligned on communication protocols, retroactive security analysis, and a postmortem timeline.",mixed-negative,2.399999999999999911182158029987476766109466552734375
01KQ0C1280EDA4E70AAD7C35,"Gregory Fisk, IT Director at Summit Trust, called regarding a billing discrepancy on his January invoice showing 1,400 seats for Aegis Identity when their contract specifies 1,200 seats. Sarah Chen investigated and traced the overage to approximately 200 test accounts created during a December migration that were never deprovisioned. Sarah agreed to submit a billing adjustment request to the finance team, which will take 5-7 business days to review. Gregory also received guidance on bulk deprovisioning test accounts and setting up usage threshold alerts to prevent recurrence.",mixed-positive,3.79999999999999982236431605997495353221893310546875
01KQ0CAE7F064EC93F0540CA,"The engineering team held a sprint status check-in covering the Detect pipeline reliability work and the upcoming Comply v2 launch. Mike Romano reported being 60% through the event ingestion refactor, with the end-of-March deadline assessed at roughly 60-40 odds due to uncertainty around Kafka configuration and redundant node setup. Tyler Washington completed alert deduplication work and will assist by spiking on the Kafka investigation to help reduce risk. Tom Bradley will communicate to product that the March target stands but carries acknowledged technical uncertainty, while Chris Lee continues weekly syncs with Priya's team on the Comply v2 April launch.",mixed-positive,3.600000000000000088817841970012523233890533447265625
01KQ0DFE299AC7A74E8022CA,"Daniel Okafor and solutions architect Kevin O'Brien met with Thomas Hargrove of Redwood to introduce Comply v2 and discuss support for their ISO 27001 certification journey. Thomas shared that Redwood is in early stages of ISO prep, with a formal audit targeted for Q1 2027, and highlighted pain points around evidence collection and continuous monitoring. Kevin walked through Comply v2's on-demand reporting engine, which maps live environment data to Annex A controls and supports multi-framework coverage including HIPAA and SOC 2. The team agreed on a clear set of next steps: activating Comply v2 on Redwood's tenant, running a baseline report, and scheduling a technical working session with Thomas and his security analyst Priya.",very-positive,4.79999999999999982236431605997495353221893310546875
01KQ0F8AFF3DA34FD4580008,"Lisa Park (CSM) met with Lauren Bishop to discuss the upcoming June renewal, address the March Detect outage, and review the recently released Comply v2. Lauren was candid about internal concerns raised by the six-hour outage and noted that procurement is requiring at least one competitive quote from SentinelShield. The team is planning to expand their cloud workload footprint by about 40 workloads through Q3, which will factor into renewal pricing options. Lisa committed to sending the post-incident review, preparing two renewal proposal options, and scheduling a compliance walkthrough for June.",mixed-positive,3.399999999999999911182158029987476766109466552734375
01KQ1267C6AA7D9B3125FEC8,"Raj Kapoor convened a meeting with Tyler, Ravi, Brian, and Mike to prepare for an upcoming SOC 2 Type II audit with a 90-day observation period starting March 1st. The team reviewed key control areas including access control, change management, incident tracking, monitoring, vendor management, and employee security training. Several gaps were identified, including a broken Zendesk-PagerDuty integration, inconsistent hotfix documentation, alert fatigue in the monitoring system, and incomplete security training completions. Action items were assigned to each team member with tight deadlines before the observation window opens.",mixed-positive,3.399999999999999911182158029987476766109466552734375
01KQ1A6B7E81B06F4A13B60D,"Kendra Wallace from a retail company contacted Aegis Cloud Security support regarding severely degraded backup performance, with nightly jobs taking 4-6 hours instead of the usual 90 minutes over the past three weeks. David Kim identified a likely root cause: Kendra's environment is running backup agent version 3.4.1, which has a known change block tracking issue that causes over-scanning, while a fix was released in version 3.6.0 in late January. David acknowledged a process gap in that Kendra was not notified about the update. The resolution plan includes upgrading to 3.6.0 and a follow-up call on Monday, with escalation to senior engineering promised if the issue persists.",mixed-negative,2.79999999999999982236431605997495353221893310546875
01KQ1DC6CA536DE1B31ED8F5,"Rachel Torres and Maria Santos from Aegis met with Wayne Keller of Atlas to discuss the upcoming end-of-March contract renewal and billing concerns. Wayne's finance team flagged overage charges on the Aegis Detect module for January and February, which were caused by the addition of two new production facilities expanding event volume beyond the 500 million monthly cap. Rachel proposed upgrading to a 750 million event tier at an additional $310/month, which would likely be more cost-effective than continued overages. Wayne also expressed interest in exploring the Aegis Comply module for SOC 2 reporting, and both sides agreed on an annual renewal with a mid-March internal target deadline.",mixed-positive,3.70000000000000017763568394002504646778106689453125
01KQ1DCC80852AE384C898C9,"Maria Santos met with Brianna Foster and Leo Marquez to address a serious six-hour outage on March 10-11 that caused a loss of visibility in Aegis Detect, breaching their 99.5% uptime SLA. The customer expressed eroded confidence in platform reliability and revealed they are actively evaluating a competitor, SentinelShield, which is offering aggressive pricing and a 99.9% SLA. Additional concerns included platform stagnation, upcoming compliance needs (SOC 2, HIPAA), and budget constraints going into renewal. Maria outlined next steps including a renewal proposal with an SLA credit, pricing adjustments, access to the upcoming Comply v2 product, and an engineering call to address Leo's infrastructure concerns.",mixed-negative,2.399999999999999911182158029987476766109466552734375
01KQ1DE954A807A5D2653175,"Megan and Chris conducted a launch readiness review for Comply v2, targeting an April 7th release. A recent Detect outage pulled two engineers off the project for four days, causing a 5-6 day slip on the HIPAA and ISO 27001 reporting engine, which has formatting issues in staging. The API is in good shape with beta customers, but customer-facing documentation for HIPAA and ISO 27001 is still in first draft and poses the biggest launch risk. They aligned on key deadlines, escalation paths, and a follow-up check-in for the following Tuesday.",mixed-positive,3.600000000000000088817841970012523233890533447265625
01KQ2217B066855A3B7814CB,"Suki Nakamura from a financial services firm expressed serious concern over a six-hour threat monitoring outage on Monday that left her security team blind during ongoing regulatory audit conversations. Ravi Gupta acknowledged a known architectural single point of failure in Aegis Detect's event processing pipeline and outlined remediation steps including redundant nodes and a circuit breaker pattern targeted for end-of-month deployment. Suki disclosed that her CISO has initiated a formal vendor review and that the company is actively evaluating competitor SentinelShield. The call concluded with concrete commitments: Ravi will send an infrastructure audit summary by Monday, the technical fix will ship by end of March, and a follow-up check-in call is scheduled for two weeks out.",mixed-negative,2.399999999999999911182158029987476766109466552734375
01KQ2331EFD78BF3B1CAB747,"The team convened an urgent internal call to address a significant outage of their Detect product that left customers without security monitoring for approximately six hours overnight. A single point of failure in the event ingestion pipeline caused a cascading failure, and critically, the company's own internal alerting also failed because the health checks were tied to the same broken pipeline — meaning a customer, not the team, flagged the outage. At least 47 support tickets have been logged, key enterprise accounts including Fortex and Meridian Financial are expressing dissatisfaction and referencing competitors, and SLA compliance issues are expected to result in credits. The team aligned on immediate action items including drafting a formal executive incident communication, pulling the full SLA exposure list, looping in legal and finance, and preparing customer-facing talking points to clarify that the Comply product was unaffected.",negative,1.8000000000000000444089209850062616169452667236328125
01KQ25D8AED944B5D2A9FF60,"Jason Hoffman from Meridian contacted Aegis support (Sarah Chen) regarding the lack of granular file-level restore capabilities in Aegis Protect. An analyst had accidentally overwritten config files on an EBS-backed EC2 trading platform, requiring a two-hour manual workaround involving spinning up a temporary instance to retrieve the files. Sarah confirmed that file-level restore is not currently supported and documented a formal feature request covering granular file-level restore from EBS snapshots, restore-to-alternate-path functionality, and a file metadata preview capability. The case will be logged, Jason's colleague Marcus Webb will be added, and the CSM will be looped in for follow-up.",mixed-positive,3.399999999999999911182158029987476766109466552734375
01KQ298F2846EFE59B0D70E2,"The team convened to address fallout from a six-hour platform outage that caused a complete loss of threat monitoring visibility. Competitors SentinelShield and CyberNova are actively targeting at-risk accounts, including Hartfield Financial and prospect Clearvale Systems. The group aligned on a two-part response strategy: leading with a transparent post-mortem and remediation narrative now, followed by a Comply v2 launch touchpoint in early April to show forward momentum. Key concerns include a potential liability issue involving a customer who claims an actual security incident occurred during the outage window.",mixed-negative,2.29999999999999982236431605997495353221893310546875
01KQ2B4878EC7B3EE5547007,"Daniel Okafor and James Mitchell from Aegis met with Damien Rowe from Stratos to discuss using Aegis Comply to streamline their compliance preparation ahead of a Q2 (May) audit. Damien explained that their current process is highly manual, requiring engineers to spend weeks pulling evidence across spreadsheets for SOC 2 and ISO 27001 compliance. The Aegis team walked through how Comply continuously maps cloud infrastructure to compliance frameworks and generates audit-ready evidence, noting integration with their existing Aegis Detect product. The call ended positively with agreement to schedule a tailored demo for Damien's engineering and security team.",very-positive,4.70000000000000017763568394002504646778106689453125
01KQ2D93184912F0147315E7,"Julia Tran from Blackridge Investments called Aegis Cloud Security support in a critical situation where her firm has had zero threat visibility for over three hours due to a known event processing pipeline failure. Marcus Williams confirmed the outage is a cascading failure affecting multiple customers on the same processing cluster, with engineering estimating restoration within two more hours. Julia expressed serious frustration over the lack of proactive communication, a single point of failure in the architecture, and the operational impact of having analysts manually reviewing logs. She disclosed they have been evaluating a competitor (SentinelShield) and has a board meeting next week where she must explain the security blind spot. Marcus committed to a formal incident report, SLA review, AE loop-in, and a direct phone call upon service restoration.",very-negative,1.600000000000000088817841970012523233890533447265625
01KQ31ED026F745FE2A55CCD,"The team held a Q2 roadmap planning session for the Identity product, covering three major themes: JIT provisioning and SCIM improvements, adaptive MFA policies, and an Identity audit trail integrated with the Comply module. Technical leads discussed specific failure modes in SCIM sync, a redesigned attribute mapping UI with inline validation, and a phased approach to adaptive MFA starting with location and device posture signals. The session also touched on competitive pressure from SentinelShield, lingering customer trust concerns following a March Detect outage, and cross-team alignment with the Comply team around SOC 2 reporting gaps.",positive,4.4000000000000003552713678800500929355621337890625
01KQ325BDEDEE927D2970775,"Priya Patel from Aegis support contacted Paula Schneider of Ridgeline (a manufacturing/logistics company) regarding a multi-day alert latency issue with the Aegis Detect product. Priya confirmed the problem was caused by a cascading failure in Aegis's event processing pipeline, not anything on the customer's side, and apologized for the lack of proactive communication. Paula expressed concern about the security gap created by hour-long alert delays across their OT and manufacturing environments, and noted potential SLA violations and cyber insurance reporting requirements. Priya committed to a two-hour written update with fix timeline and backfill status, and offered to involve the account manager for remediation and service credit discussions.",mixed-negative,2.399999999999999911182158029987476766109466552734375
01KQ351E141926AB7CAB668D,"Grace Yoon (Northstar) called with serious concerns after a six-hour outage of Aegis Detect left her security team with zero threat monitoring visibility in a HIPAA-regulated pharma environment. This was the second reliability incident in eight months, prompting her CISO to request a competitive evaluation against SentinelShield. Maria Santos acknowledged the failures, explained the root cause as a cascading single point of failure in the event ingestion pipeline, and committed to multiple remediation steps. The call ended with Grace conditionally willing to continue but emphasizing the renewal in June is at risk without significant improvement.",mixed-negative,2.100000000000000088817841970012523233890533447265625
01KQ38C4101D6774F2F02331,"A critical outage call was convened to address a complete failure of the Detect event processing pipeline that began around 9:14 AM Pacific. The ingestion pipeline's single primary node hit a memory ceiling and crashed due to lack of redundancy, a known tech debt issue that had been flagged but not prioritized. The outage went unannounced on the status page for approximately 90 minutes, causing enterprise customers including Harmon Financial and TerraLogix to escalate, with some customers mistakenly fearing a security breach. The team aligned on immediate actions: a stopgap fix involving a secondary node and temporary load balancer, a public customer statement clarifying there was no breach, and a post-mortem timeline, while acknowledging that 30-40% of event data during the outage window may be unrecoverable.",negative,1.8000000000000000444089209850062616169452667236328125
01KQ38FE02AEE5AA5157F042,"Oliver Grant contacted Aegis Cloud Security support to report multiple formatting bugs in the newly launched Aegis Comply v2 PDF report export. The issues include section header text truncation on long control category names, a table pagination problem splitting the header row from its data, and incorrect page count in the footer. Marcus confirmed the bugs by reproducing them in a test environment and identified them as a rendering defect in the PDF generation service introduced with the v2 release. Marcus committed to escalating to engineering with high priority and providing an ETA via email the same day, given Oliver's internal audit review scheduled for the following week.",mixed-positive,3.399999999999999911182158029987476766109466552734375
01KQ3BD8DEEBC7FECD107F0F,"Aegis held a product demo call with Warren Beck (CISO) and Julia Tran (security analyst) from Blackridge, a financial services firm with a HIPAA-regulated healthcare subsidiary. The discussion centered on Aegis Comply v2, a newly released compliance reporting module, and how it could eliminate the manual, two-week evidence-gathering process Julia's team currently endures before audits. Key capabilities highlighted included on-demand and scheduled HIPAA reporting, multi-framework support (SOC 2, PCI DSS, ISO 27001), remediation guidance, and native LogVault integration. The call concluded with agreement to pursue a scoped proof of concept for the Blackridge Health Finance HIPAA environment, with Aegis to deliver a proposal by end of week.",very-positive,4.70000000000000017763568394002504646778106689453125
01KQ3C837D7EF689408DCF95,"Priya from Aegis Cloud Security support and senior engineer Sarah Chen joined a call with Yuki Tanaka, Security Lead at Pineridge, to troubleshoot a failing CloudPrime S3 backup connector issue (Case 2638). Yuki reported that backup jobs were failing with a 403 error since the previous Thursday, despite no known IAM permission changes. Sarah identified two likely causes: a misconfigured connector endpoint (using the generic s3.amazonaws.com instead of the region-specific us-west-2 endpoint) and potentially restrictive CloudPrime Service Control Policies updated during a routine policy review around the same time. Yuki updated the endpoint setting live on the call and agreed to test the backup job, check SCP policies with their CloudPrime admin, and share CloudTrail logs with the Aegis team.",mixed-positive,3.899999999999999911182158029987476766109466552734375
01KQ3CE40428CCC5FF433FFC,"Tom Bradley led a post-incident review of the Detect outage from March 10th, which caused approximately six hours of no threat monitoring for customers due to a cascading failure in the event ingestion pipeline caused by a single point of failure. Tom explained the deployed fixes including redundant processing nodes and a circuit breaker pattern, while Megan noted upcoming product improvements including a status indicator and a potential heartbeat alert feature. Diana highlighted customer concerns about lack of visibility, particularly among enterprise and mid-renewal accounts, and the team aligned on next steps for customer communications. Key action items include Tom delivering a formal post-incident report, Megan evaluating roadmap prioritization, and Diana coordinating customer calls.",mixed-negative,2.79999999999999982236431605997495353221893310546875
01KQ3D8C1EF16C042F31FAFD,"Rachel Torres and Chris Lee held a renewal call with Isaac Brennan of Trailhead, covering fourteen months of experience with Protect and Detect. Isaac acknowledged a mid-March six-hour outage as a concern but praised the thorough post-mortem and the subsequent technical fixes. The team discussed adding Aegis Comply v2 at a promotional rate of $18,500 annually (locked for two years), which Isaac found compelling given upcoming PCI audit cycles. Isaac indicated strong internal support for the renewal and agreed on next steps including a procurement one-pager, contract execution by end of April, and a technical onboarding call post-signing.",positive,4.5
01KQ3F90FF9EBC3DB3632514,"The team held a sprint 22 retrospective covering the period of March 14-27 for the Identity team. The Detect outage on the 10th impacted sprint capacity, causing two tickets (MFA enforcement policy UI and SSO session timeout configuration) to slip into sprint 23. Completed work included SCIM provisioning bug fixes, SSO metadata refresh refactor, and partial IAM role hierarchy implementation. The team identified estimation issues with the SSO refactor, a test environment credential delay, and an upcoming Comply v2 integration as key concerns heading into sprint 23.",mixed-positive,3.399999999999999911182158029987476766109466552734375
01KQ410FB7E434BA3F99EE7D,"Aisha Johnson (CSM) held a renewal planning call with Ryan Caldwell and Mina Joshi ahead of their end-of-May contract anniversary. The customer expressed strong overall satisfaction with the platform, particularly with the Identity and Comply v2 modules, while acknowledging the March Detect outage was serious but handled well. Aisha presented a three-year renewal proposal featuring an elastic seat model and enterprise API tier, and the conversation surfaced a previously unknown streaming endpoint that could solve a latency issue in the customer's internal alerting pipeline. The call concluded positively with clear next steps including a formal proposal, a technical deep dive, and looping in finance and legal for final approval.",mixed-positive,4.20000000000000017763568394002504646778106689453125
01KQ41FB5CCFD9EA583FB020,"Lisa Park and Kevin O'Brien from Aegis held a threat detection tuning session with Patricia Dunn (VP of Security) and Michael Russo (Compliance Officer) from Harborview Banking, who went live on Aegis Detect seven weeks ago. The primary concerns discussed were alert fatigue from false positives driven by geo-anomaly detection for multi-timezone staff, compliance coverage gaps for FFIEC/SOX/GLBA requirements, and inefficient alert routing to a single shared SOC inbox. Kevin enabled alert mode on the privileged access monitoring ruleset during the call and identified that the data retention setting needs to be updated from 90 days to at least 12 months. A follow-up working session was planned for the week of March 16th to configure trusted location profiles and work schedule profiles for the Manila team.",mixed-positive,3.899999999999999911182158029987476766109466552734375
01KQ445B1B5B890316C9E300,"Raj facilitated a team standup with Ravi and Sofia covering post-mortem follow-ups from the Detect outage and the Comply v2 rollout status. Sofia identified a critical bug in Comply v2 causing SOC 2 report generation timeouts for enterprise customers with large tenant datasets, with a fix targeting early next week. The team reviewed outstanding Detect post-mortem action items, including a circuit breaker PR that needs a health check added before merging and a load testing suite formally scheduled to begin April 28th. The runbook update was also flagged as incomplete and assigned to Sofia to finish this week.",mixed-positive,3.5
01KQ4529010F423FD9DB40BD,"The team held a Q1 win-loss review revealing 34 closed-lost opportunities totaling $2.1M ACV, with SentinelShield (9 losses), VaultEdge (6), and CyberNova (4) as the primary competitors. A significant concern is the March Detect outage continuing to haunt late-stage deals, with at least five deals attributed to reliability concerns stemming from the incident. Additional issues include a lack of competitive collateral against VaultEdge on RTO claims, inconsistent loss note quality limiting pattern recognition, and execution gaps on the Customer Success and Support sides during evaluations. The team agreed on several action items and proposed monthly win-loss reviews going forward.",mixed-negative,2.399999999999999911182158029987476766109466552734375
01KQ45C0AD36B351A3571940,"Kevin O'Brien demoed Aegis Comply v2 to Dominic Flores of Silverline, with the call timed well ahead of Silverline's PCI DSS renewal audit in six weeks. The key highlights included on-demand compliance reporting (down to ~8 seconds), native support for PCI DSS, SOC 2, HIPAA, and ISO 27001 in one platform, and detailed gap analysis with remediation guidance. Dominic was highly enthusiastic, noting that this addresses real pain points including slow report generation, fragmented tooling, and difficulty communicating gaps to leadership. Next steps include scheduling a hands-on walkthrough with Silverline's compliance lead after the GA release on April 7th.",very-positive,4.79999999999999982236431605997495353221893310546875
01KQ45C76AF3AEA6B3EA6697,"Daniel Okafor and Sofia Petrov met with Harold Jensen to discuss the upcoming renewal of a three-module cybersecurity platform contract (Protect, Detect, and Comply) ahead of an April 30th deadline. Harold raised concerns about a recent six-hour outage that left his manufacturing environment without threat monitoring visibility, and Sofia explained the root cause and architectural fixes implemented since. Harold disclosed exploratory conversations with a competitor (CyberNova) and flagged a gap in CMMC compliance support needed for a Q4 audit. The parties aligned on three key deliverables: an enhanced SLA for Detect, a revised pricing structure accounting for the outage, and a written roadmap commitment on CMMC support.",mixed-negative,2.79999999999999982236431605997495353221893310546875
01KQ45F6F7349D0A620571F1,"Aisha Johnson (Aegis) spoke with Kendra Wallace (Brightpath) about the state of their security vendor relationship, which has been under strain following a six-hour Aegis Detect outage in March. Kendra disclosed that Brightpath has been actively evaluating SentinelShield as an alternative, driven by the outage and pre-existing alert fatigue concerns with Aegis Detect. Despite concerns about Detect, Kendra expressed satisfaction with Aegis Protect and the newly launched Comply v2 module. The call concluded with an agreement to hold a technical session in early May, bringing in Aegis engineers to address Detect reliability and alert tuning before a mid-May decision deadline ahead of the July contract renewal.",mixed-negative,2.600000000000000088817841970012523233890533447265625
01KQ46A9DE0AECB006D897A0,"A critical outage call was held between Tyler (engineering), Diana (customer success/sales), and Marcus (support) regarding a complete failure of the Detect threat monitoring pipeline that began at 2:47 AM. The ingestion layer experienced a cascading failure from a single point of failure, leaving all Detect customers with zero alert visibility. The estimated restoration window is four to eight hours, potentially resulting in up to twelve total hours of downtime. The team aligned on a remediation and communication plan, including thirty-minute customer status updates, direct outreach to at-risk enterprise accounts, and a post-incident architecture review.",negative,1.8000000000000000444089209850062616169452667236328125
01KQ4D01DCB15C69672AB5AF,"This was a kickoff call for Clearwater's onboarding onto Comply v2, which had just gone GA on the day of the call (April 7th). Aisha led the session alongside solutions architect Kevin O'Brien and staff engineer Mike Romano, walking Natalie and Ajay through the platform's key features including on-demand reporting, multi-framework support (HIPAA, SOC 2, PCI DSS, ISO 27001), and continuous monitoring. Ajay expressed strong enthusiasm for the on-demand reporting and continuous monitoring capabilities given painful past audit experiences. The team aligned on a fast deployment timeline targeting connector setup within the week, a baseline HIPAA report by Wednesday or Thursday, and a review call on Thursday.",very-positive,4.79999999999999982236431605997495353221893310546875
01KQ4D504CE09A8F6ECA1F5A,"Ananya Sharma, Hannah Liu, and Nina Kowalski held a planning sync focused on the Aegis Identity Q2 roadmap. The team aligned on two primary workstreams: an MFA policy rules engine and an expanded SSO connector library, with the risk-signal/adaptive MFA layer pushed to Q3 due to scope and technical dependencies. They established a rough timeline targeting a May GA for the MFA rules engine and prioritized Okta, Azure AD, and Google Workspace as the first SSO connectors. Key process improvements were agreed upon, including locking specs two weeks before QA hand-off and including acceptance criteria upfront to enable parallel test case development.",mixed-positive,3.79999999999999982236431605997495353221893310546875
01KQ4D71CDFB1045A2458216,"James Mitchell led a renewal call with Evelyn Park of Bridgeport, joined by Kevin O'Brien (Solutions Architecture) and Ravi Gupta (DevOps). Evelyn shared overall positive feedback on Aegis Protect and Identity modules, while raising concerns about a six-hour Detect outage in March. Ravi provided a technical explanation of the incident and remediation steps taken. The team aligned on renewal terms including flat pricing, Comply v2 access at no charge for year one, a 20% seat expansion rider, and several follow-up deliverables.",mixed-positive,4.0999999999999996447286321199499070644378662109375
01KQ4EE836687F95080D92AB,"The team held a sprint twelve planning meeting that began with a quick retrospective on sprint eleven, where seven of nine tickets were completed. Key carry-overs include alert deduplication and a pipeline latency investigation that revealed a significant single point of failure in the event ingestion layer. The team agreed on primary sprint twelve commitments: deduplication carry-over, pipeline architecture remediation, and a CI gate improvement, with detection rule versioning pushed to a stretch goal or sprint thirteen. Capacity constraints and QA bandwidth were key factors in scoping decisions.",mixed-positive,3.600000000000000088817841970012523233890533447265625
01KQ51DC4345D9DAE005678C,"Daniel Okafor and Lisa Park held a structured feedback session with Thomas Hargrove from the healthcare vertical to discuss pain points with Aegis Comply after eight months of use. Thomas outlined four prioritized feature gaps: granular control-family filtering in HIPAA reports, scheduled automated report delivery to stakeholders, an executive summary layer, and period-over-period delta tracking for compliance posture. Thomas noted that while Protect and Identity modules are performing well, Comply feels behind and could eventually prompt evaluation of competing tools like VaultEdge if gaps persist. The call concluded with agreed next steps including a written summary, follow-up on scheduled delivery roadmap status, and an introduction to the healthcare vertical product liaison.",mixed-positive,3.20000000000000017763568394002504646778106689453125
01KQ54917E3931712516916D,"Kevin O'Brien demoed Comply v2 to Keith Donovan of Nimbus ahead of its April 7th general availability launch. The demo highlighted on-demand multi-framework compliance reporting (SOC 2, PCI DSS, HIPAA, ISO 27001), cross-module data integration with Protect and Detect, and auditor-ready PDF output. Keith expressed strong enthusiasm, particularly around PCI DSS reporting given Nimbus's new financial services partnership. They aligned on a timeline to get Nimbus live on v2 by April 21st, with Keith's security engineering lead Priya handling the technical onboarding.",very-positive,4.79999999999999982236431605997495353221893310546875
01KQ560FF1570C5E7F71D752,"Kevin O'Brien from Aegis spoke with Vanessa Cruz at Coastal Living about deploying Aegis Protect for their hybrid backup and recovery environment following a successful spring collection launch. Vanessa described a fragmented backup setup across CloudPrime and on-prem systems totaling 80-100TB across 40-50 workloads, with poor visibility being the primary pain point. Kevin outlined a phased three-part implementation plan, confirmed compatibility with their infrastructure, and discussed RPO/RTO requirements for their critical customer data platform. The call concluded with plans for a kickoff meeting the following Wednesday and next steps around onboarding documentation.",very-positive,4.79999999999999982236431605997495353221893310546875
01KQ56786DD1E8A1BF174FDD,"Forge Industries (VP of IT Gerald Hutchins and Security Manager Dana Moretti) contacted support to inquire about early access to Comply v2, driven by the need for multi-framework compliance reporting across SOC 2, HIPAA, and PCI DSS. Senior support engineer Elena Vasquez and CSM David Kim informed them that Comply v2 is already in final QA and will GA on April 7th — just four days away — covering all three of their required frameworks plus ISO 27001. The team discussed automatic tenant upgrades, a migration assistant for control mapping, inline evidence collection, and an upcoming customer webinar on April 10th. Dana also raised a feature request around custom control labeling with internal policy numbers, which Elena agreed to investigate and formally log with the product team.",very-positive,4.79999999999999982236431605997495353221893310546875
01KQ56AA6B60801ABC01AB1C,"Clearwater Medical's Ajay Mehta (Compliance Manager) and Natalie Simmons (IT Director) contacted Aegis Cloud Security to dispute a $4,000+ April invoice. The primary dispute involves $3,200 in Comply module overages tied to report generation during the v2 launch on April 7th, where Ajay explored multi-framework reporting features with no knowledge of plan limits and no in-app alerts — which turned out to be a misconfiguration affecting migrated accounts. An additional $840 Detect module overage appears potentially linked to replay traffic generated by Aegis's own March outage, which is being investigated. Sarah Chen committed to escalating both disputes as high priority, with a written Comply dispute response within 48 hours and a Detect log analysis by end of day.",mixed-negative,2.399999999999999911182158029987476766109466552734375
01KQ56D878454E5783DC6D94,"Damien Rowe from Stratos Cloud contacted Aegis Cloud Security support regarding consistent timeout errors when Aegis Detect attempted to push event data to their LogVault HTTP Event Collector endpoint, an issue that had been ongoing since April 18th. David Kim and team lead Priya Patel diagnosed the root cause as a circuit breaker payload threshold introduced in the April 8th remediation build (v4.1.2) being triggered by Stratos's high event volume of 8,000-12,000 events per minute during peak hours. The fix involved switching the LogVault integration from batched to streaming mode to distribute load more evenly, followed by a retroactive backfill of four days of missed event data. Damien expressed serious frustration, noting this was the second major disruption this year and that his team was questioning whether to remain on the Aegis Detect platform.",mixed-negative,2.399999999999999911182158029987476766109466552734375
01KQ5A966832A146DA4B7D41,"Maria Santos (CSM) met with Alicia Monroe from Summit Trust to address concerns ahead of their upcoming renewal. Alicia raised critical issues with Aegis Identity, including inconsistent MFA enforcement in their loan origination system and internal reporting portal, as well as SSO session timeouts occurring well before the configured 60-minute policy. Alicia also disclosed that her CISO has initiated exploratory conversations with competitor VaultEdge due to concerns that the IAM solution does not feel enterprise-grade, and brought up a six-hour Detect outage earlier in the month that damaged internal trust. Maria acknowledged the support escalation pattern as unacceptable and committed to several concrete follow-up actions to retain the account.",mixed-negative,2.399999999999999911182158029987476766109466552734375
01KQ5AFAE8264DDC0ED2AE7F,"Rachel Torres (Senior Account Manager) and Sofia Petrov (Senior Engineer) at Aegis held a pre-deployment discovery call with Derek Owens at Crestline to discuss adding the Aegis Identity module to their existing Protect and Detect deployment. Derek's organization has ~340 users on Entra ID with a mixed MFA environment and needs to address privileged access management gaps flagged in a February audit. Sofia outlined a three-phase deployment approach covering directory sync, MFA policy migration, and PAM, with an end-of-July target that is feasible given Crestline's environment. Derek also expressed interest in Aegis Comply v2 as a future add-on, which Rachel noted would benefit from the audit data generated during the Identity deployment.",very-positive,4.79999999999999982236431605997495353221893310546875
01KQ5BB8521F99E55470206E,"The team held a sprint planning meeting to review carryover items and commit to work for the upcoming sprint. Nina flagged two edge cases in DETECT-219 related to wildcard regex matching that Tyler needs to fix before the ticket can be closed. Ananya raised an architectural concern about a single-node ingestion pipeline and proposed a design spike to address redundancy and failover, which Ravi agreed to scope collaboratively. The team settled on 13 story points for the sprint, including carryover, QA work, the design spike, and the alert deduplication ticket DETECT-231, intentionally leaving buffer after overcommitting last sprint.",positive,4.0999999999999996447286321199499070644378662109375
01KQ5D47170D4828E89EDE37,"Elena Vasquez from Aegis Cloud Security support called Dana Moretti of Forge Industries to discuss the recovery and closure of support case 7537 related to a Detect platform outage. The outage began March 10th with approximately six hours of complete threat monitoring visibility loss caused by a single point of failure in the event ingestion layer, followed by degraded performance through March 15th. Aegis implemented architectural fixes including redundant processing nodes and a circuit breaker pattern, with full restoration confirmed March 18th. Dana needs documentation for her CISO, including a data recovery summary for the blind-spot window and a formal post-incident report.",mixed-positive,3.399999999999999911182158029987476766109466552734375
01KQ5EC1665DCFD7A6B62A59,"Vanessa Cruz from a retail company contacted Aegis Cloud Security support regarding a critical SAML certificate rotation issue affecting 60-70% of her workforce on a Sunday. Support engineer Elena Vasquez identified the root cause as a known bug in Aegis Identity version 3.4.1, where the certificate rotation wizard fails to propagate new certificate metadata to all service provider connections. The team worked on a manual workaround requiring Vanessa's engineer Priya to re-import the new certificate metadata across all 14 SP connections. Vanessa expressed broader frustration with platform reliability, citing this bug alongside a recent Detect outage, and Marcus committed to escalating her concerns to customer success.",mixed-negative,2.20000000000000017763568394002504646778106689453125
01KQ5F364545B542671FF9CE,"Jason Hoffman (CISO) and Suki Nakamura (Compliance Director) from Meridian Capital contacted Aegis Cloud Security support to discuss SCIM 2.0 integration between Okta and Aegis Identity for automated user provisioning and deprovisioning. Sarah Chen and Marcus Williams confirmed that native SCIM 2.0 is on the roadmap but not yet generally available, and recommended using Aegis's REST API with Okta Workflows as an interim solution. The team agreed this API approach could meet Meridian's 24-hour deprovisioning compliance requirement, with audit logs accessible through Aegis Comply. Next steps include sending API documentation, logging the SCIM feature request with Meridian's specific use case, and looping in the account manager for a roadmap discussion.",mixed-positive,3.70000000000000017763568394002504646778106689453125
01KQ65D43540846FA994B6C4,"Rachel Torres and Sofia Petrov met with Victor Zheng of Frostbyte to discuss pain points after approximately eight months on Aegis Identity. Victor highlighted two key product gaps: the lack of hierarchical role inheritance in the flat role model, which causes manual permission duplication and complicates their ongoing SOC 2 audit, and the inability to configure session timeout policies per role or resource. Victor also praised Aegis Comply v2's on-demand SOC 2 reporting as a significant time-saver. He clarified he is not evaluating alternatives but wants assurance that Aegis Identity can scale with Frostbyte's rapid growth over the coming quarters.",mixed-positive,3.70000000000000017763568394002504646778106689453125
01KQ68FB3E9E60C4477CDAB4,"The team held a pre-launch alignment call for the Comply v2 GA deployment scheduled for April 7th. Ravi confirmed infrastructure dry-runs in staging went cleanly, with a minor Lambda cold-start issue to be addressed via a warm-up ping. Nina reported full regression suite passage across all four compliance frameworks and three tenant sizes, flagging a p99 latency concern at 50 concurrent requests that will be monitored via a new MetricFlow alert. The team confirmed a phased rollout plan, a clean feature-flag-based rollback strategy, and agreed to keep the v1 reporting service running in parallel for two weeks post-GA.",very-positive,4.70000000000000017763568394002504646778106689453125
01KQ6A5CEAAFFBE3B0099E75,"Harold Jensen, IT Director at Steelpoint Manufacturing, called regarding a 3-day-old unresolved LDAP sync failure with Aegis Identity affecting 200+ employees on a 24/7 manufacturing floor. Marcus Williams diagnosed the root cause as an SSL handshake failure caused by an internal CA-issued certificate renewed during a maintenance window on March 18th that was not trusted by the Aegis connector. The issue was resolved live on the call by uploading the internal CA root certificate into the Aegis Identity TLS Configuration settings. Harold expressed significant frustration over the slow initial support response and broader confidence concerns about Aegis following a prior Detect outage, and Marcus committed to escalating the response time failure and arranging a follow-up call with the account manager.",mixed-negative,2.399999999999999911182158029987476766109466552734375
01KQ6CAA850EAFDC48B52846,"Maria Santos met with Catherine Page and Russell Tang to address serious concerns about Aegis following a six-hour monitoring outage in March that affected their manufacturing OT environment, poor communication during the incident, and gaps in compliance reporting functionality. Catherine disclosed that their organization is actively evaluating a competitor, Fortiguard Pro, partly driven by these issues. Maria acknowledged the failures directly, informed the team that Aegis Comply v2 had just launched with improved ISO 27001 reporting, and proposed concrete next steps to rebuild trust. The call ended constructively with the customer open to continuing the relationship provided key commitments are met.",mixed-negative,2.600000000000000088817841970012523233890533447265625
01KQ764171AC27A3A94DC695,"This 30-day post-incident review covered the March 10-18 Detect module outage, which caused six hours of complete threat monitoring blindness for 47 affected accounts due to a single point of failure in the event ingestion pipeline. The engineering team confirmed fixes including redundant processing nodes and a circuit breaker pattern, both deployed by March 29th, with a clean 30-day window since. Customer Success raised concerns about two key accounts — Meridian Financial (August renewal at risk due to compliance audit impact) and Treswick Healthcare (HIPAA documentation concerns) — and the team discussed potential remediation strategies including early access to the Detect telemetry dashboard and a Comply v2 upsell conversation. The team aligned on several follow-up actions including drafting a customer-facing incident summary and improving internal communications protocols.",mixed-negative,2.79999999999999982236431605997495353221893310546875
01KQ773D68723289E4A98889,"Kendra Wallace, CTO of Brightpath Commerce, contacted Aegis Cloud Security support regarding a $1,400 discrepancy on her February invoice. Marcus Williams identified an overage charge of 2.31 terabytes under the Aegis Protect module, which was traced to a backup policy change made on January 3rd that added five new workloads including database instances. The team clarified that billing is calculated on pre-compression raw data, meaning the policy expansion unintentionally pushed usage over the 10 TB contracted tier. Marcus agreed to document the findings in a case summary and connect Kendra with account manager Devon Park to discuss a potential billing adjustment.",mixed-positive,3.70000000000000017763568394002504646778106689453125
01KQ77F2867FC54E13A8C495,"James Mitchell (AE) and Kendra Wallace (Brightpath) held an onboarding planning call for the Aegis Detect deployment across Brightpath's CloudPrime and Azure environments. They discussed deployment sequencing, timeline (roughly one month end-to-end), and the importance of completing the rollout before Brightpath's spring peak season in late March. Key integrations with PagerDuty and LogVault were confirmed as natively supported, and the system's seven-day observation/baseline mode was highlighted as a solution to Kendra's alert fatigue concerns. A December reliability incident was raised by Kendra and addressed transparently by James, who agreed to share the post-incident report.",mixed-positive,3.899999999999999911182158029987476766109466552734375
01KQ7B802912366FC0A24D4F,"The team held an April all-hands covering three main topics: a retrospective on the March Detect outage, the Comply v2 launch status, and Q2 roadmap planning. The Detect outage post-mortem revealed a single point of failure in the ingestion layer that caused a six-hour customer-facing blackout, with redundant nodes and a circuit breaker pattern now deployed but a chaos engineering validation still needed. Comply v2 launched on April 7th with multi-framework compliance reporting and is showing early positive adoption, though two open bugs remain around PDF formatting and concurrent report timeouts. For Q2, the team agreed to prioritize reliability and observability work on Detect over new features, deferring pure feature additions to Q3.",mixed-positive,3.600000000000000088817841970012523233890533447265625
01KQ7BF0D56037FF89DC89B6,"Isaac Brennan, infrastructure lead at Trailhead Marketplace, called Aegis Cloud Security support in frustration over a complete 15+ hour outage of Aegis Detect's event processing pipeline, leaving his retail platform blind to threats. Elena Vasquez and David Kim confirmed the issue is platform-wide, stemming from a cascading failure in the event ingestion layer, with no confirmed ETA for resolution. Isaac expressed serious concern about PCI compliance and fraud exposure during the outage, and was particularly upset that no proactive communication had been sent despite his status page subscription. Elena escalated the case to P1, committed to a two-hour update, and logged a formal request for a full written incident report by end of week. Isaac warned that the future of the contract depends on how the situation is handled in the next 24 hours.",very-negative,1.399999999999999911182158029987476766109466552734375
01KQ7F58A2E07B857C24624D,"Jordan Whitfield and Tom Bradley conducted a competitive landscape review in preparation for an upcoming product review meeting. They discussed four key competitors: SentinelShield (threatening Detect with a strong SIEM integration story), VaultEdge (a growing threat to Protect and potentially Comply), CyberNova (aggressive pricing in Identity for mid-market), and Fortiguard Pro (a legacy incumbent). The most pressing concern identified was a gap in the LogVault connector experience compared to SentinelShield, which Jordan plans to surface as a risk item for leadership at next week's review. Jordan agreed to update and share the competitive deck before EOD the following day.",mixed-positive,3.399999999999999911182158029987476766109466552734375
01KQ7FA71CF70FAFEE4B6251,"Aisha Johnson (CSM) met with Stephanie Blair from Nova Retail ahead of their end-of-next-month renewal to assess account health. Stephanie expressed significant frustration stemming from a six-hour Aegis Detect outage on March 10th, ongoing compliance reporting pain in Aegis Comply, dashboard signal-to-noise issues, and a slow support ticket resolution. She disclosed that Nova is actively evaluating competitor SentinelShield, having completed two demos. Aisha acknowledged accountability, outlined technical remediation steps taken post-outage, previewed the upcoming Aegis Comply v2 launch with on-demand compliance reporting, and committed to a set of concrete follow-up actions to help Stephanie rebuild confidence for the renewal.",mixed-negative,2.600000000000000088817841970012523233890533447265625
01KQ85D10E82A26A8F754FB8,"Maria Santos and Solutions Architect Kevin O'Brien met with Evelyn Park to discuss her organization's compliance challenges ahead of a HIPAA audit in late May/early June. Evelyn's team has been using Aegis Comply for eight months primarily for SOC 2, but identified gaps in HIPAA support and frustration with treating multiple frameworks as separate workstreams. Kevin outlined near-term technical recommendations including evidence library restructuring and PHI access logging, while previewing the upcoming Comply v2 multi-framework feature that would allow single evidence items to map across HIPAA, SOC 2, and other frameworks simultaneously. The call concluded with plans to schedule a Comply v2 preview session and for Kevin to deliver a SOC 2 to HIPAA control mapping document.",mixed-positive,4.0999999999999996447286321199499070644378662109375
01KQ88B8EAEAA819C26CCBE7,"Aegis Cloud Security support rep Elena Vasquez spoke with Grace Yoon and Frank Delaney (VP of IT) of Northstar, a pharmaceutical company, regarding a platform-wide outage of the Aegis Detect event processing pipeline that had been ongoing for approximately nine to ten hours. The customer was never proactively notified of the outage, which Elena acknowledged as a serious communication failure. The outage is particularly critical because Northstar handles HIPAA-regulated patient data and is currently in a SOC 2 audit cycle, creating potential compliance findings. Elena committed to 30-minute email updates, audit-ready incident documentation, and an executive call with Aegis VP of Engineering within 48 hours of resolution, while Frank made clear he is actively evaluating competitor platforms.",mixed-negative,2.100000000000000088817841970012523233890533447265625
01KQ8C5A044F54EE1774D53C,"Maria Santos and Kevin O'Brien from Aegis held an urgent call with Charles Ng from Helix to address a six-hour outage in their threat monitoring pipeline caused by a single point of failure in the event ingestion system. Charles expressed significant frustration that his team was not alerted for nearly two hours and had to manually audit logs afterward, costing 12-15 person-hours. He disclosed that Helix is actively reviewing their security vendor stack and has been in conversations with competitor VaultEdge, citing both the outage and ongoing concerns about false positive alert noise and cumbersome custom rule configuration. The Aegis team committed to delivering a technical remediation brief for Charles's CTO, scheduling a detection tuning session, and presenting a broader make-right proposal before a follow-up call mid-next week with Helix's security lead Priya.",mixed-negative,2.29999999999999982236431605997495353221893310546875
01KQ8D9A06510DD623EFB1A6,"Rachel Torres (CSM) met with Sandra Keating (customer in insurance/financial services) to discuss Detect product roadmap and feature requests. Sandra raised two primary feature gaps: granular alerting thresholds by entity type with custom behavioral baselines, and in-product pipeline health visibility following a six-hour outage in March. Rachel shared upcoming roadmap items including native LogVault integration and a threat intelligence correlation layer, and the call closed with a discussion of Comply v2's new SOC 2 on-demand reporting feature, with a demo planned for Sandra and her compliance lead Marcus.",mixed-positive,3.600000000000000088817841970012523233890533447265625
01KQ92EA85FE4C537400227D,"Warren Beck from Blackridge, a financial services firm, contacted Aegis support to request a custom compliance template feature in Aegis Comply v2 that would allow them to track internal board and regulator controls alongside standard frameworks like SOC 2 and PCI DSS. Priya Patel confirmed the feature is on the near-term product roadmap and enrolled Warren in the early access/design partner program. In the meantime, Priya walked Warren through two workarounds: custom control annotations within existing reports and the Comply v2 API for exporting structured control data. The call concluded with clear next steps and a very positive tone from both parties.",very-positive,4.79999999999999982236431605997495353221893310546875
01KQ94C2B8B9B4668F3D3491,"Mark Ellison, Infrastructure Lead at Ridgeline Logistics, contacted Aegis Cloud Security support regarding a complete outage of his Detect dashboard that began around 11 PM on March 11th. Elena Vasquez and Sarah Chen confirmed this is a platform-side issue caused by a failure in the event ingestion pipeline affecting multiple accounts. Mark expressed serious concern given that his company's OT networks, SCADA systems, and production floor infrastructure have had zero threat monitoring visibility for nearly 24 hours. The call concluded with commitments to escalate the case to Sev 1, provide a status update within two hours, investigate data backfill options, and loop in the account manager regarding potential SLA credits.",mixed-negative,2.100000000000000088817841970012523233890533447265625
01KQ9772B2348F500FB09D1E,"Vanessa Cruz, VP of Engineering at Coastal Living Co, contacted Aegis Cloud Security support regarding a critical MFA token failure affecting approximately 40-45 users since 7 AM. The issue involves TOTP validation failures (error 4031) for users authenticating through an Okta SSO integration with Aegis Identity. Support agent Elena Vasquez determined the issue is likely on Aegis's end after ruling out client-side clock drift, and escalated it as a P1 business-critical incident. A temporary workaround using email OTP was implemented to unblock the engineering and ops teams while the root cause is investigated.",mixed-negative,2.20000000000000017763568394002504646778106689453125
01KQ9A6BE09D73A9BB5798C7,"David Kim from Aegis Cloud Security support called Keith Donovan of Nimbus Platform regarding support case 3615, which involves a feature gap in Aegis Comply around custom cross-framework reporting. Keith needs a control mapping matrix that spans SOC 2, ISO 27001, and PCI DSS in a single exportable report for auditor handoffs, which the platform does not currently support natively. David confirmed the gap, explained a manual CSV workaround that Keith's team is already using but finds unsustainable, and committed to escalating a formal feature request to the product team. David also flagged Nimbus Platform as a candidate for early access/beta programs and directed Keith to his account manager Sarah Chen for future roadmap visibility.",mixed-positive,3.5
01KQ9BB82FD97C9607D57E90,"Maria Santos (CSM at Aegis Cloud Security) held a kickoff onboarding call with Vanessa Cruz from Coastal Living, who recently chose Aegis Protect over competitors CyberNova and VaultEdge primarily due to superior recovery time objectives. Vanessa outlined their infrastructure — a hybrid CloudPrime multi-region setup plus on-prem warehouse systems — and Maria walked through the 4-6 week three-phase onboarding process including environment discovery, backup policy configuration, and restore drills. Key topics included custom data retention policies for PCI DSS compliance, hybrid environment support, and the unified management console. The call ended with clear next steps: Maria to send a formal project plan, Vanessa to provision CloudPrime access and connect Maria with their DevOps engineer Raj Patel, and a technical discovery call scheduled for the following week.",very-positive,4.9000000000000003552713678800500929355621337890625
01KQ9BCA1794C9472726FFAD,"The team held a two-week retrospective on the Comply v2 launch, reviewing adoption metrics, support volume, and customer feedback. Adoption reached approximately 38-39% of eligible accounts (847 out of ~2,200 tenants), significantly exceeding the internal 25% benchmark. HIPAA reports tracked higher than expected, and a minor ISO 27001 formatting issue is being addressed in an upcoming patch. The team also identified promising cross-sell signals, with customers discovering gaps in their IAM configuration through SOC 2 reports and subsequently inquiring about Aegis Identity.",very-positive,4.70000000000000017763568394002504646778106689453125
01KQA0F0BE68E74D66EB4171,"James Mitchell convened a competitive strategy call with Rachel Torres, Tom Bradley, Jordan Whitfield, and Kevin O'Brien to address SentinelShield's aggressive positioning against Aegis in three recent late-stage deals. Tom Bradley explained the root cause and remediation of the March platform outage, confirming that redundant processing nodes and a circuit breaker pattern have been in production since March 28th. Jordan Whitfield highlighted Comply v2, launched April 7th, as a strong differentiator with native cross-module compliance reporting for SOC 2, PCI DSS, HIPAA, and ISO 27001. The team aligned on next steps for the at-risk Hartfield Manufacturing deal and identified materials needed to support the competitive response.",mixed-positive,3.600000000000000088817841970012523233890533447265625
01KQA1AFDC1306A000B0C7D9,"Lisa Park and Aisha Johnson held an onboarding strategy workshop with Raymond Burke of Vanta Health to assess their backup and recovery environment and map out how Aegis Protect can address their needs. Raymond described a fragmented hybrid environment with ~450 on-prem VMs across two data centers and a growing CloudPrime footprint, including 200TB of DICOM imaging data. Key pain points include untested RTOs/RPOs, lack of unified backup visibility, VM coverage gaps, and complex HIPAA and tiered retention compliance requirements. The team aligned on a phased implementation approach starting with CloudPrime workloads, with next steps including an implementation plan, dashboard demo, and involvement of Vanta Health's infrastructure lead.",very-positive,4.70000000000000017763568394002504646778106689453125
01KQA502E222E2A60330237B,"Daniel Okafor led a Q1 business review with Yuki Tanaka of Pineridge, joined by Kevin O'Brien and Ananya Sharma. Yuki expressed strong overall satisfaction with the Aegis platform, particularly highlighting Aegis Detect's improved signal-to-noise ratio and a successful DR drill using Aegis Protect. A significant portion of the call focused on the upcoming Aegis Comply v2 release, which Yuki found compelling for their SOC 2 readiness needs and indicated could strengthen the ROI case for renewal. The call concluded with a positive renewal outlook, with Yuki requesting a separate commercial discussion in mid-April after reviewing the Comply v2 details.",very-positive,4.70000000000000017763568394002504646778106689453125
01KQDD5172176D02DB51360A,"Dr. Linda Cheng, CTO of a healthcare organization, contacted Aegis Cloud Security support regarding a three-day outage of the Aegis Protect backup API affecting patient data backup workflows. Support agent Priya Patel investigated the issue and confirmed it was a platform-level failure in Aegis's backup orchestration infrastructure, not a client-side error. Priya committed to initiating manual backup snapshots within the hour, providing a written incident summary for HIPAA audit purposes, and delivering a root cause and fix timeline within four hours. Dr. Cheng expressed significant frustration over both the technical failure and the lack of proactive communication from Aegis over the three-day period.",mixed-negative,2.399999999999999911182158029987476766109466552734375
01KQA7DFCE1285F52192B34B,"Dominic Flores, IT Director at Silverline Brands, called Aegis Cloud Security support regarding a two-week-old open case about backup jobs significantly overrunning their scheduled 1 AM–5 AM window, with SQL Server backups now taking up to 8–9 hours and causing production performance degradation. Support engineer David Kim identified a dramatic throughput drop from ~800 MB/s to ~180–220 MB/s, potentially linked to backend network routing changes made during a March remediation effort for a separate module (Aegis Detect). David initiated immediate workarounds including a manual agent update to version 4.2.0 and SQL job priority adjustments, and escalated the issue as P1 to the infrastructure team. A follow-up call was scheduled for the next morning at 10 AM Central with a Protect platform engineer to review root cause findings.",mixed-negative,2.399999999999999911182158029987476766109466552734375
01KQAC572C34475A8791F2C3,"Mike Romano led a Q2 quarterly planning call for the Protect product with Ananya Sharma, Ravi Gupta, and Sofia Petrov. The team discussed three main initiatives: a 30%+ improvement to incremental backup performance targeting a late April canary rollout, a redesigned restore wizard UX that enables search-first file recovery, and multi-region replication which was scoped to Q3 rather than Q2 to avoid overpromising. The team also agreed to carve out capacity for tech debt work in the backup scheduler during Q2.",positive,4.4000000000000003552713678800500929355621337890625
01KQADC32D89E2B76B698E84,"Nova Retail Group VP Stephanie Blair and senior security engineer Andre Coleman contacted Aegis Cloud Security support regarding an SSO outage affecting approximately 38-42% of their 1,200 users since February 10th. Aegis support identified a likely regression introduced by a patch deployed on February 9th affecting SAML NameID format handling in the Identity module. A temporary workaround was provided via bulk per-user local auth override in the admin console, while a permanent fix is estimated within 48 hours. Stephanie expressed significant frustration over the four-day outage coinciding with Valentine's Day, one of Nova Retail's busiest sales days, and the lack of proactive communication from Aegis.",mixed-negative,2.29999999999999982236431605997495353221893310546875
01KQADF3D76E82BF8BA19AF2,"The team held a February wrap-up call covering product, QA, and customer success updates. Comply v2 is tracking toward an April GA with backend milestones met, though QA coverage is slightly behind at 62% versus a 70% target, contingent on two QA resources rotating over from the Detect team in March. A customer loss to competitor VaultEdge and two upsell opportunities totaling ~$240K ARR were discussed on the customer success front. A potential bottleneck in the Detect event ingestion pipeline was elevated as an item needing immediate attention, and March priorities were set including code freeze for Comply v2 and early access briefings for strategic accounts.",mixed-positive,3.5
01KQAEA50436D047BC39CFC7,"Maria Santos met with Derek Owens of Crestline Wealth to discuss their upcoming renewal in late March 2026, approximately six weeks out. They reviewed usage across three modules (Protect, Detect, and Comply), with Derek noting data growth from 14TB to approximately 17-17.5TB affecting tier pricing. Maria introduced an upcoming Comply multi-framework reporting feature and discussed pricing options ranging from $155K-$160K annually, with a two-year discount option available. The call ended with a clear plan: Maria will deliver a comparison quote and Detect resilience technical summary by February 27th, and Derek will provide a decision direction by March 5th.",mixed-positive,3.79999999999999982236431605997495353221893310546875
01KQAFB8DBF6E1E2FDEF0B75,"Aisha Johnson and Sofia Petrov from Aegis Comply met with Nathan Perry from Maplewood to discuss their SOC 2 audit preparation needs ahead of a Q2 auditor engagement. Nathan described a highly manual, time-consuming evidence collection process that consumed three engineer-weeks during their last audit cycle eighteen months ago. The team walked through how Comply automates evidence collection, maps overlapping controls across frameworks like SOC 2, PCI DSS, and ISO 27001, and previewed the upcoming Comply v2 on-demand compliance reporting feature. Nathan expressed strong interest in moving forward and agreed to schedule a demo and technical scoping session with his lead engineer Rachel.",very-positive,4.79999999999999982236431605997495353221893310546875
01KQB3B16F255B65F39597D0,"Hannah, Ananya, and Mike held a design review call for Comply v2 ahead of the April GA launch. They aligned on an async report generation model with P90 latency of 45 seconds to 2 minutes, and confirmed a unified evidence store architecture to handle overlapping compliance frameworks (SOC 2, ISO 27001, HIPAA, PCI DSS). PDF export was confirmed in scope using headless rendering, while report annotations were deferred to v2.1. The team expressed strong confidence in the April date, with a load test planned for mid-March to validate queue performance under concurrent usage.",positive,4.4000000000000003552713678800500929355621337890625
01KQB632F1ADC378C42F2C03,"Michelle Tan and Dominic Flores from Silverline Brands contacted Aegis Cloud Security support regarding a billing discrepancy on their Comply v2 upgrade. They were overbilled $255 because the proration calculation started from April 1st instead of the upgrade activation date of April 7th. David Kim confirmed the error, arranged a $255 credit to be applied on the May 1st invoice, and agreed to escalate the issue to the billing systems team as it may affect other customers who upgraded on launch day. The call also covered confirmation that all four compliance frameworks and unlimited on-demand reporting are included under the v2 license.",mixed-positive,3.899999999999999911182158029987476766109466552734375
01KQB95605C6F873C6036285,"Maria Santos and Ananya Sharma from Aegis met with Gerald Hutchins of Forge Industries to introduce Comply v2, focusing on its PCI DSS reporting capabilities and multi-framework compliance support. Gerald shared that Forge is in PCI DSS audit prep with a QSA assessment scheduled for end of June, struggling with a highly manual evidence-gathering process. The team covered on-demand reporting, auditor-friendly export formats, multi-framework overlap between PCI DSS and SOC 2, and an estimated two-to-three week onboarding timeline. Gerald also raised prior concerns about a March Detect outage, which Maria acknowledged and committed to addressing with a full post-incident review.",mixed-positive,4.0999999999999996447286321199499070644378662109375
01KQBB7C4D4789DB2F3DA9C2,"Vanta Health Systems contacted Aegis Cloud Security support regarding a critical issue with their LogVault SIEM connector dropping event data since February 8th, including complete 45-minute to 1-hour blackout windows. Sarah Chen and Priya Patel identified the root cause as a known bug in connector version 3.4.1 where connection timeouts from F5 load balancer throttling cause the buffer to flush instead of retry. Immediate workarounds were provided (adjusting F5 connection limits and enabling the undocumented retry_on_timeout parameter), with a permanent fix available via upgrade to version 3.5.0. Dr. Cheng expressed significant frustration with the 10-day support response delay, undocumented parameters, and lack of proactive notification about the known bug in a healthcare/HIPAA environment.",mixed-negative,2.399999999999999911182158029987476766109466552734375
01KQBBF753B44DE677670E6D,"Alicia Monroe (Risk Manager) and Gregory Fisk (IT Director) from Summit Trust contacted Aegis Cloud Security support regarding threat alert delays of 20-45 minutes in their Detect platform, which is critical given their financial services regulatory obligations. David Kim identified the root cause as Summit Trust's tenant being placed on an overloaded processing node cluster during post-outage infrastructure remediation in March. Additionally, it was revealed that Summit Trust had never been notified of a significant platform outage in March (March 10-18) involving six hours of reduced visibility, which raised serious compliance concerns. David submitted an emergency rebalance request during the call and committed to delivering a formal incident summary document by end of business the following day.",mixed-negative,2.399999999999999911182158029987476766109466552734375
01KQC1267BEB344076DD7656,"Maria Santos and Solutions Architect Kevin O'Brien met with Robert Langston and Tanya Desai (Security Engineering) to address a six-hour Detect platform outage and discuss contract renewal ahead of end-of-Q2. Kevin explained the root cause as a cascading single point of failure in the event ingestion pipeline and outlined remediation steps including redundant nodes and a circuit breaker pattern. Robert and Tanya outlined clear conditions for renewal justification: a formal written post-mortem, updated SLA language with uptime teeth for Detect, and a configuration review. The call also surfaced an upcoming Comply v2 launch with on-demand compliance reporting relevant to the customer's June PCI audit.",mixed-negative,2.79999999999999982236431605997495353221893310546875
01KQC166F678CBA584AAFF8B,"Derek Owens from a wealth management firm contacted Aegis Cloud Security support regarding persistent policy sync delays and provisioning issues in Aegis Identity, some taking 4-5 hours to propagate. Support engineer Sarah Chen investigated the tenant logs and identified a sync worker queue backup issue on a shared cluster tier, potentially related to remediation work done after a mid-March Detect incident. Sarah offered two immediate actions: escalating the case to P1 for engineering review and migrating Derek's tenant to a dedicated sync worker to alleviate the delays. Derek expressed frustration over the 5-day response gap and raised concerns about renewal given the support experience.",mixed-negative,2.399999999999999911182158029987476766109466552734375
01KQC3A2EBC501837E973B16,"This was an onboarding kickoff call for Aegis Identity with Victor Zheng and Olivia Strand as the new customers, joined by James Mitchell (account manager) and Ananya Sharma (senior engineer, technical point of contact). The customer is migrating from Okta and their primary goals are consolidating SSO across eight tools and implementing more granular MFA and conditional access policies, particularly for contractor vs. full-time employee differentiation. Ananya outlined a two-to-three week timeline for baseline SSO configuration and MFA rollout, faster than the customer anticipated. Next steps were clearly established, including Victor completing Okta API token setup and a user attribute mapping template before scheduling a live working session.",very-positive,4.79999999999999982236431605997495353221893310546875
01KQCA6EA8B603EBB6C9FE34,"Daniel Okafor (CSM) met with Paula Schneider from Ridgeline to review their experience with Aegis Identity after eight months on the platform. Paula raised several operational pain points including clunky shared workstation session management, lack of granular session timeout policies by device group, and inflexible MFA policy exceptions for service accounts. Daniel confirmed these items would be escalated internally, including a January support ticket that had gone unanswered, and noted an upcoming RBAC enhancement that may address some of her concerns. The call also touched on a potential SSO integration with a new fleet management platform and a Q3 renewal on the horizon.",mixed-positive,3.399999999999999911182158029987476766109466552734375
01KQCF9872BF130D33B1B5EC,"Alex Reyes led a pre-launch sync with Nina Kowalski and Jordan Whitfield three days before the Comply v2 launch on April 7th. The team reviewed the final QA checklist, confirming two of three open bugs are resolved, with the remaining Safari/PCI DSS cosmetic issue to be patched via a one-line CSS fix before launch. They discussed proactive messaging around infrastructure independence from the recent Detect outage, confirmed the HIPAA reporting module is fully validated across 40 configurations, and verified that in-app guidance and onboarding flows are complete and in production. Overall sentiment was highly positive, with the team expressing confidence in shipping on schedule.",very-positive,4.79999999999999982236431605997495353221893310546875
01KQD1270E98A7DFC55ADCF8,"The team convened to discuss alarming performance issues in the Protect module, triggered by load testing results showing backup job queue times spiking to 47 minutes at 2x P95 customer scale. Two compounding root causes were identified: a job scheduler not built for concurrent dispatch at current scale, and a synchronous I/O bottleneck in the snapshot deduplication layer. The full scheduler fix is estimated at six to eight weeks, raising concern about an upcoming growth quarter where sales is actively bundling Protect with Comply v2. As interim measures, the team agreed to throttle per-tenant job concurrency, fast-track an async fix for the dedup issue, and have a proactive conversation with sales about slowing Protect onboarding pace.",mixed-negative,2.20000000000000017763568394002504646778106689453125
01KQD199788883B6F18C81E8,"Daniel Okafor and engineer Mike Romano held an annual review call with Wayne Keller of Atlas Precision ahead of a May renewal. Wayne expressed overall satisfaction with the platform, highlighting the Comply module as the biggest win by significantly reducing his team's audit burden. The March Detect outage was discussed openly, with Wayne acknowledging the strong incident communication and the architectural fixes implemented. The call concluded with alignment on flat renewal pricing, a planned Identity module discovery call with Wayne's IT director, and a follow-up on OT anomaly detection roadmap details.",positive,4.29999999999999982236431605997495353221893310546875
01KQD4D9DEBA2D55AC2AA9F5,"Lisa Park and Rachel Torres from Aegis held a renewal check-in with Philip Lau from Keystone Health. Philip expressed strong satisfaction with Aegis Comply and Protect, citing approximately 40-50 hours saved per quarter on audit prep and solid backup recovery performance. The team discussed the upcoming Aegis Comply v2 launch featuring on-demand multi-framework compliance reporting, which Philip found genuinely exciting given his team's simultaneous HIPAA and SOC 2 Type II obligations. The call concluded positively with agreement to proceed on the core renewal at existing rates with a three-year lock, and to schedule a separate technical demo of the Aegis Detect module with Philip's CISO before making an add-on decision.",positive,4.4000000000000003552713678800500929355621337890625
01KQE110900B8A65D80AE694,"The team conducted a post-incident review of a cascading failure in their event ingestion pipeline that caused six hours of zero threat monitoring visibility for customers. Mike Romano explained that an out-of-memory error on a primary ingestion node triggered a cascade due to the absence of a circuit breaker and inadequate health checks that couldn't distinguish between liveness and readiness. The group identified three root technical causes: a single point of failure in ingestion, no circuit breaker pattern, and insufficient health checking. The team also acknowledged that the underlying single-point-of-failure risk had been flagged in Q3 of the prior year but was deprioritized in favor of feature work, and agreed the post-mortem should reflect that honestly.",mixed-negative,2.399999999999999911182158029987476766109466552734375
01KQEDB92E33CF9945A7F71B,"Lauren Bishop, VP of Infrastructure at Cobalt Software, called Aegis Cloud Security support reporting that their Aegis Detect dashboard was completely down with no threat visibility for nearly an hour. David Kim investigated and confirmed a platform-wide cascading failure in the event processing pipeline, escalating it as a P1 incident. Lauren expressed serious frustration that Aegis had not proactively detected or communicated the outage, and disclosed they have been evaluating a competitor product, SentinelShield. David committed to 15-minute email updates, a full root cause analysis, and flagging a service credit conversation to the account team.",negative,1.8000000000000000444089209850062616169452667236328125
01KQEDE682B4A8D67C657CF1,"Sarah Chen from Aegis Cloud Security support spoke with Dominic Flores and Michelle Tan (Security Manager) regarding a surge of false positive alerts following the application of agent patch 4.2.1 on Friday night. The patch reset the behavioral detection baseline, causing over 300 false positive alerts on Saturday morning compared to their normal volume of 15-20, resulting in hours of wasted on-call time. Sarah identified the issue as a known problem with the 4.2.1 patch and initiated a baseline restore to the pre-patch profile from March 13th, while also recommending suppression rules for Saturday batch jobs during the relearning period. The customer expressed frustration over two incidents in two weeks and disclosed they are evaluating other vendors at renewal time.",mixed-negative,2.399999999999999911182158029987476766109466552734375
01KQF9600A904ADE8605B3F0,"Chris Lee held a sprint retrospective with Tyler Washington and Ravi Gupta to review the reliability sprint initiated after a major March outage. The team celebrated key achievements including redundant processing nodes and a circuit breaker implementation, with failover times hitting 12-14 seconds against a 30-second target. The team identified monitoring gaps in the event ingestion pipeline and discussed plans for a pipeline health dashboard. Chris proposed formalizing quarterly reliability-focused sprints and organizing a knowledge share with the broader engineering organization.",very-positive,4.79999999999999982236431605997495353221893310546875
01KQFEEFFF8E80B0DFD10880,"The team held a final walk-through of their SOC 2 Type II audit materials before submission to auditors. Key sections reviewed included availability controls, change management, logical access, and incident response, with particular attention given to the March Detect outage and how it is framed transparently in the documentation. The Comply v2 platform was praised for dramatically reducing the manual effort of evidence packaging. The submission is planned for Thursday, with an audit window scheduled for the week of April 27th, which is critical for five commercial accounts dependent on the Type II certification.",very-positive,4.70000000000000017763568394002504646778106689453125
01KQFFC0F889AE8CFEE7A00D,"Aisha Johnson and engineer Ananya Sharma met with Julia Tran of Blackridge for a renewal check-in call. Julia expressed strong overall satisfaction with the platform, particularly praising Aegis Protect's performance during a Q4 disaster recovery tabletop exercise and Detect's improved visibility. A January incident involving a Detect event processing pipeline failure was transparently addressed, with Ananya confirming minimal impact to Blackridge's environment and detailing remediation steps. The conversation moved toward renewal expansion, with Julia showing strong interest in adding Aegis Identity and gaining early access to the upcoming Aegis Comply v2 multi-framework reporting feature.",very-positive,4.70000000000000017763568394002504646778106689453125
