theme_title,audience,action_items
Product and Service Expansion,All,56
Outage Prevention and Recovery,Engineering,44
Customer Renewal and Retention,Sales | Customer Success,44
Compliance and Governance,All,36
IT Operations and Deployment,Engineering,32
Incident Response and Review,All,24
Data Protection and Recovery,All,24
System Reliability and Support,All,19
Billing and Pricing Issues,Sales | Customer Support,19
Identity and Access Governance,All,16
Cloud and Integration Configuration,Engineering,12
Competitive Strategy,Sales,12
Security and Alerting,All,12
Roadmap Planning and Compliance,All,8
Audit Compliance Readiness,All,8
HIPAA Compliance and Reporting,All,7
Healthcare Data Security,All,4
Quality Assurance Review Process,All,4
Product Maturity Gaps,All,4
Customer Onboarding and Support,All,4
Multi-Factor Authentication Management,Engineering,4
Platform Reliability,All,4
