theme_title,meetings,churn_signals,per_meeting
Multi-Factor Authentication Management,1,2,2.00
System Reliability and Support,5,6,1.20
Outage Prevention and Recovery,11,13,1.18
Customer Renewal and Retention,11,12,1.09
Healthcare Data Security,1,1,1.00
Customer Onboarding and Support,1,1,1.00
Incident Response and Review,6,5,0.83
Cloud and Integration Configuration,3,2,0.67
Data Protection and Recovery,6,4,0.67
Security and Alerting,3,2,0.67
Competitive Strategy,3,2,0.67
HIPAA Compliance and Reporting,2,1,0.50
Roadmap Planning and Compliance,2,1,0.50
Billing and Pricing Issues,5,2,0.40
Product and Service Expansion,14,5,0.36
IT Operations and Deployment,8,1,0.13
Compliance and Governance,9,1,0.11
