theme_title,audience,phrase_count,primary_meetings
Product and Service Expansion,All,37,14
Outage Prevention and Recovery,Engineering,13,11
Customer Renewal and Retention,Sales | Customer Success,11,11
Compliance and Governance,All,24,9
IT Operations and Deployment,Engineering,14,8
Data Protection and Recovery,All,23,6
Incident Response and Review,All,18,6
System Reliability and Support,All,16,5
Billing and Pricing Issues,Sales | Customer Support,11,5
Identity and Access Governance,All,24,4
Competitive Strategy,Sales,9,3
Security and Alerting,All,19,3
Cloud and Integration Configuration,Engineering,23,3
HIPAA Compliance and Reporting,All,7,2
Roadmap Planning and Compliance,All,7,2
Audit Compliance Readiness,All,9,2
Customer Onboarding and Support,All,8,1
Product Maturity Gaps,All,6,1
Quality Assurance Review Process,All,9,1
Healthcare Data Security,All,6,1
Multi-Factor Authentication Management,Engineering,7,1
Platform Reliability,All,12,1
